id,title,description,value
slider,Slider,Use the slider, ""
om_1,Matrix 1,Use this matrix,"
{    ""data"": [        {            ""v"": 41,            ""x"": 10,            ""y"": 5        },        {            ""v"": 40,            ""x"": 11,            ""y"": 5        },        {            ""v"": 40,            ""x"": 12,            ""y"": 5        },        {            ""v"": 39,            ""x"": 13,            ""y"": 5        },        {            ""v"": 39,            ""x"": 14,            ""y"": 5        },        {            ""v"": 39,            ""x"": 15,            ""y"": 5        },        {            ""v"": 38,            ""x"": 16,            ""y"": 5        },        {            ""v"": 38,            ""x"": 17,            ""y"": 5        },        {            ""v"": 38,            ""x"": 18,            ""y"": 5        },        {            ""v"": 37,            ""x"": 19,            ""y"": 5        },        {            ""v"": 37,            ""x"": 20,            ""y"": 5        },        {            ""v"": 37,            ""x"": 21,            ""y"": 5        },        {            ""v"": 36,            ""x"": 22,            ""y"": 5        },        {            ""v"": 36,            ""x"": 23,            ""y"": 5        },        {            ""v"": 36,            ""x"": 24,            ""y"": 5        },        {            ""v"": 35,            ""x"": 25,            ""y"": 5        },        {            ""v"": 35,            ""x"": 26,            ""y"": 5        },        {            ""v"": 35,            ""x"": 27,            ""y"": 5        },        {            ""v"": 34,            ""x"": 28,            ""y"": 5        },        {            ""v"": 34,            ""x"": 29,            ""y"": 5        },        {            ""v"": 34,            ""x"": 30,            ""y"": 5        },        {            ""v"": 40,            ""x"": 10,            ""y"": 6        },        {            ""v"": 40,            ""x"": 11,            ""y"": 6        },        {            ""v"": 39,            ""x"": 12,            ""y"": 6        },        {            ""v"": 39,            ""x"": 13,            ""y"": 6        },        {            ""v"": 39,            ""x"": 14,            ""y"": 6        },        {            ""v"": 39,            ""x"": 15,            ""y"": 6        },        {            ""v"": 38,            ""x"": 16,            ""y"": 6        },        {            ""v"": 38,            ""x"": 17,            ""y"": 6        },        {            ""v"": 38,            ""x"": 18,            ""y"": 6        },        {            ""v"": 38,            ""x"": 19,            ""y"": 6        },        {            ""v"": 37,            ""x"": 20,            ""y"": 6        },        {            ""v"": 37,            ""x"": 21,            ""y"": 6        },        {            ""v"": 37,            ""x"": 22,            ""y"": 6        },        {            ""v"": 37,            ""x"": 23,            ""y"": 6        },        {            ""v"": 36,            ""x"": 24,            ""y"": 6        },        {            ""v"": 36,            ""x"": 25,            ""y"": 6        },        {            ""v"": 36,            ""x"": 26,            ""y"": 6        },        {            ""v"": 36,            ""x"": 27,            ""y"": 6        },        {            ""v"": 35,            ""x"": 28,            ""y"": 6        },        {            ""v"": 35,            ""x"": 29,            ""y"": 6        },        {            ""v"": 35,            ""x"": 30,            ""y"": 6        },        {            ""v"": 40,            ""x"": 10,            ""y"": 7        },        {            ""v"": 39,            ""x"": 11,            ""y"": 7        },        {            ""v"": 39,            ""x"": 12,            ""y"": 7        },        {            ""v"": 39,            ""x"": 13,            ""y"": 7        },        {            ""v"": 39,            ""x"": 14,            ""y"": 7        },        {            ""v"": 39,            ""x"": 15,            ""y"": 7        },        {            ""v"": 39,            ""x"": 16,            ""y"": 7        },        {            ""v"": 38,            ""x"": 17,            ""y"": 7        },        {            ""v"": 38,            ""x"": 18,            ""y"": 7        },        {            ""v"": 38,            ""x"": 19,            ""y"": 7        },        {            ""v"": 38,            ""x"": 20,            ""y"": 7        },        {            ""v"": 38,            ""x"": 21,            ""y"": 7        },        {            ""v"": 38,            ""x"": 22,            ""y"": 7        },        {            ""v"": 37,            ""x"": 23,            ""y"": 7        },        {            ""v"": 37,            ""x"": 24,            ""y"": 7        },        {            ""v"": 37,            ""x"": 25,            ""y"": 7        },        {            ""v"": 37,            ""x"": 26,            ""y"": 7        },        {            ""v"": 37,            ""x"": 27,            ""y"": 7        },        {            ""v"": 37,            ""x"": 28,            ""y"": 7        },        {            ""v"": 36,            ""x"": 29,            ""y"": 7        },        {            ""v"": 36,            ""x"": 30,            ""y"": 7        },        {            ""v"": 39,            ""x"": 10,            ""y"": 8        },        {            ""v"": 39,            ""x"": 11,            ""y"": 8        },        {            ""v"": 39,            ""x"": 12,            ""y"": 8        },        {            ""v"": 39,            ""x"": 13,            ""y"": 8        },        {            ""v"": 39,            ""x"": 14,            ""y"": 8        },        {            ""v"": 39,            ""x"": 15,            ""y"": 8        },        {            ""v"": 39,            ""x"": 16,            ""y"": 8        },        {            ""v"": 39,            ""x"": 17,            ""y"": 8        },        {            ""v"": 38,            ""x"": 18,            ""y"": 8        },        {            ""v"": 38,            ""x"": 19,            ""y"": 8        },        {            ""v"": 38,            ""x"": 20,            ""y"": 8        },        {            ""v"": 38,            ""x"": 21,            ""y"": 8        },        {            ""v"": 38,            ""x"": 22,            ""y"": 8        },        {            ""v"": 38,            ""x"": 23,            ""y"": 8        },        {            ""v"": 38,            ""x"": 24,            ""y"": 8        },        {            ""v"": 38,            ""x"": 25,            ""y"": 8        },        {            ""v"": 38,            ""x"": 26,            ""y"": 8        },        {            ""v"": 38,            ""x"": 27,            ""y"": 8        },        {            ""v"": 38,            ""x"": 28,            ""y"": 8        },        {            ""v"": 38,            ""x"": 29,            ""y"": 8        },        {            ""v"": 38,            ""x"": 30,            ""y"": 8        },        {            ""v"": 39,            ""x"": 10,            ""y"": 9        },        {            ""v"": 39,            ""x"": 11,            ""y"": 9        },        {            ""v"": 39,            ""x"": 12,            ""y"": 9        },        {            ""v"": 39,            ""x"": 13,            ""y"": 9        },        {            ""v"": 39,            ""x"": 14,            ""y"": 9        },        {            ""v"": 39,            ""x"": 15,            ""y"": 9        },        {            ""v"": 39,            ""x"": 16,            ""y"": 9        },        {            ""v"": 39,            ""x"": 17,            ""y"": 9        },        {            ""v"": 39,            ""x"": 18,            ""y"": 9        },        {            ""v"": 39,            ""x"": 19,            ""y"": 9        },        {            ""v"": 39,            ""x"": 20,            ""y"": 9        },        {            ""v"": 39,            ""x"": 21,            ""y"": 9        },        {            ""v"": 39,            ""x"": 22,            ""y"": 9        },        {            ""v"": 39,            ""x"": 23,            ""y"": 9        },        {            ""v"": 39,            ""x"": 24,            ""y"": 9        },        {            ""v"": 39,            ""x"": 25,            ""y"": 9        },        {            ""v"": 39,            ""x"": 26,            ""y"": 9        },        {            ""v"": 39,            ""x"": 27,            ""y"": 9        },        {            ""v"": 39,            ""x"": 28,            ""y"": 9        },        {            ""v"": 39,            ""x"": 29,            ""y"": 9        },        {            ""v"": 39,            ""x"": 30,            ""y"": 9        },        {            ""v"": 38,            ""x"": 10,            ""y"": 10        },        {            ""v"": 38,            ""x"": 11,            ""y"": 10        },        {            ""v"": 38,            ""x"": 12,            ""y"": 10        },        {            ""v"": 38,            ""x"": 13,            ""y"": 10        },        {            ""v"": 39,            ""x"": 14,            ""y"": 10        },        {            ""v"": 39,            ""x"": 15,            ""y"": 10        },        {            ""v"": 39,            ""x"": 16,            ""y"": 10        },        {            ""v"": 39,            ""x"": 17,            ""y"": 10        },        {            ""v"": 39,            ""x"": 18,            ""y"": 10        },        {            ""v"": 39,            ""x"": 19,            ""y"": 10        },        {            ""v"": 39,            ""x"": 20,            ""y"": 10        },        {            ""v"": 39,            ""x"": 21,            ""y"": 10        },        {            ""v"": 40,            ""x"": 22,            ""y"": 10        },        {            ""v"": 40,            ""x"": 23,            ""y"": 10        },        {            ""v"": 40,            ""x"": 24,            ""y"": 10        },        {            ""v"": 40,            ""x"": 25,            ""y"": 10        },        {            ""v"": 40,            ""x"": 26,            ""y"": 10        },        {            ""v"": 40,            ""x"": 27,            ""y"": 10        },        {            ""v"": 40,            ""x"": 28,            ""y"": 10        },        {            ""v"": 40,            ""x"": 29,            ""y"": 10        },        {            ""v"": 41,            ""x"": 30,            ""y"": 10        },        {            ""v"": 38,            ""x"": 10,            ""y"": 11        },        {            ""v"": 38,            ""x"": 11,            ""y"": 11        },        {            ""v"": 38,            ""x"": 12,            ""y"": 11        },        {            ""v"": 38,            ""x"": 13,            ""y"": 11        },        {            ""v"": 38,            ""x"": 14,            ""y"": 11        },        {            ""v"": 39,            ""x"": 15,            ""y"": 11        },        {            ""v"": 39,            ""x"": 16,            ""y"": 11        },        {            ""v"": 39,            ""x"": 17,            ""y"": 11        },        {            ""v"": 39,            ""x"": 18,            ""y"": 11        },        {            ""v"": 39,            ""x"": 19,            ""y"": 11        },        {            ""v"": 40,            ""x"": 20,            ""y"": 11        },        {            ""v"": 40,            ""x"": 21,            ""y"": 11        },        {            ""v"": 40,            ""x"": 22,            ""y"": 11        },        {            ""v"": 40,            ""x"": 23,            ""y"": 11        },        {            ""v"": 41,            ""x"": 24,            ""y"": 11        },        {            ""v"": 41,            ""x"": 25,            ""y"": 11        },        {            ""v"": 41,            ""x"": 26,            ""y"": 11        },        {            ""v"": 41,            ""x"": 27,            ""y"": 11        },        {            ""v"": 41,            ""x"": 28,            ""y"": 11        },        {            ""v"": 42,            ""x"": 29,            ""y"": 11        },        {            ""v"": 42,            ""x"": 30,            ""y"": 11        },        {            ""v"": 37,            ""x"": 10,            ""y"": 12        },        {            ""v"": 37,            ""x"": 11,            ""y"": 12        },        {            ""v"": 38,            ""x"": 12,            ""y"": 12        },        {            ""v"": 38,            ""x"": 13,            ""y"": 12        },        {            ""v"": 38,            ""x"": 14,            ""y"": 12        },        {            ""v"": 39,            ""x"": 15,            ""y"": 12        },        {            ""v"": 39,            ""x"": 16,            ""y"": 12        },        {            ""v"": 39,            ""x"": 17,            ""y"": 12        },        {            ""v"": 40,            ""x"": 18,            ""y"": 12        },        {            ""v"": 40,            ""x"": 19,            ""y"": 12        },        {            ""v"": 40,            ""x"": 20,            ""y"": 12        },        {            ""v"": 40,            ""x"": 21,            ""y"": 12        },        {            ""v"": 41,            ""x"": 22,            ""y"": 12        },        {            ""v"": 41,            ""x"": 23,            ""y"": 12        },        {            ""v"": 41,            ""x"": 24,            ""y"": 12        },        {            ""v"": 42,            ""x"": 25,            ""y"": 12        },        {            ""v"": 42,            ""x"": 26,            ""y"": 12        },        {            ""v"": 42,            ""x"": 27,            ""y"": 12        },        {            ""v"": 43,            ""x"": 28,            ""y"": 12        },        {            ""v"": 43,            ""x"": 29,            ""y"": 12        },        {            ""v"": 43,            ""x"": 30,            ""y"": 12        },        {            ""v"": 37,            ""x"": 10,            ""y"": 13        },        {            ""v"": 37,            ""x"": 11,            ""y"": 13        },        {            ""v"": 37,            ""x"": 12,            ""y"": 13        },        {            ""v"": 38,            ""x"": 13,            ""y"": 13        },        {            ""v"": 38,            ""x"": 14,            ""y"": 13        },        {            ""v"": 39,            ""x"": 15,            ""y"": 13        },        {            ""v"": 39,            ""x"": 16,            ""y"": 13        },        {            ""v"": 39,            ""x"": 17,            ""y"": 13        },        {            ""v"": 40,            ""x"": 18,            ""y"": 13        },        {            ""v"": 40,            ""x"": 19,            ""y"": 13        },        {            ""v"": 41,            ""x"": 20,            ""y"": 13        },        {            ""v"": 41,            ""x"": 21,            ""y"": 13        },        {            ""v"": 41,            ""x"": 22,            ""y"": 13        },        {            ""v"": 42,            ""x"": 23,            ""y"": 13        },        {            ""v"": 42,            ""x"": 24,            ""y"": 13        },        {            ""v"": 43,            ""x"": 25,            ""y"": 13        },        {            ""v"": 43,            ""x"": 26,            ""y"": 13        },        {            ""v"": 43,            ""x"": 27,            ""y"": 13        },        {            ""v"": 44,            ""x"": 28,            ""y"": 13        },        {            ""v"": 44,            ""x"": 29,            ""y"": 13        },        {            ""v"": 45,            ""x"": 30,            ""y"": 13        },        {            ""v"": 36,            ""x"": 10,            ""y"": 14        },        {            ""v"": 37,            ""x"": 11,            ""y"": 14        },        {            ""v"": 37,            ""x"": 12,            ""y"": 14        },        {            ""v"": 38,            ""x"": 13,            ""y"": 14        },        {            ""v"": 38,            ""x"": 14,            ""y"": 14        },        {            ""v"": 39,            ""x"": 15,            ""y"": 14        },        {            ""v"": 39,            ""x"": 16,            ""y"": 14        },        {            ""v"": 40,            ""x"": 17,            ""y"": 14        },        {            ""v"": 40,            ""x"": 18,            ""y"": 14        },        {            ""v"": 41,            ""x"": 19,            ""y"": 14        },        {            ""v"": 41,            ""x"": 20,            ""y"": 14        },        {            ""v"": 42,            ""x"": 21,            ""y"": 14        },        {            ""v"": 42,            ""x"": 22,            ""y"": 14        },        {            ""v"": 43,            ""x"": 23,            ""y"": 14        },        {            ""v"": 43,            ""x"": 24,            ""y"": 14        },        {            ""v"": 44,            ""x"": 25,            ""y"": 14        },        {            ""v"": 44,            ""x"": 26,            ""y"": 14        },        {            ""v"": 45,            ""x"": 27,            ""y"": 14        },        {            ""v"": 45,            ""x"": 28,            ""y"": 14        },        {            ""v"": 46,            ""x"": 29,            ""y"": 14        },        {            ""v"": 46,            ""x"": 30,            ""y"": 14        },        {            ""v"": 36,            ""x"": 10,            ""y"": 15        },        {            ""v"": 36,            ""x"": 11,            ""y"": 15        },        {            ""v"": 37,            ""x"": 12,            ""y"": 15        },        {            ""v"": 37,            ""x"": 13,            ""y"": 15        },        {            ""v"": 38,            ""x"": 14,            ""y"": 15        },        {            ""v"": 39,            ""x"": 15,            ""y"": 15        },        {            ""v"": 39,            ""x"": 16,            ""y"": 15        },        {            ""v"": 40,            ""x"": 17,            ""y"": 15        },        {            ""v"": 40,            ""x"": 18,            ""y"": 15        },        {            ""v"": 41,            ""x"": 19,            ""y"": 15        },        {            ""v"": 42,            ""x"": 20,            ""y"": 15        },        {            ""v"": 42,            ""x"": 21,            ""y"": 15        },        {            ""v"": 43,            ""x"": 22,            ""y"": 15        },        {            ""v"": 43,            ""x"": 23,            ""y"": 15        },        {            ""v"": 44,            ""x"": 24,            ""y"": 15        },        {            ""v"": 45,            ""x"": 25,            ""y"": 15        },        {            ""v"": 45,            ""x"": 26,            ""y"": 15        },        {            ""v"": 46,            ""x"": 27,            ""y"": 15        },        {            ""v"": 46,            ""x"": 28,            ""y"": 15        },        {            ""v"": 47,            ""x"": 29,            ""y"": 15        },        {            ""v"": 48,            ""x"": 30,            ""y"": 15        },        {            ""v"": 33,            ""x"": 10,            ""y"": 16        },        {            ""v"": 34,            ""x"": 11,            ""y"": 16        },        {            ""v"": 35,            ""x"": 12,            ""y"": 16        },        {            ""v"": 35,            ""x"": 13,            ""y"": 16        },        {            ""v"": 36,            ""x"": 14,            ""y"": 16        },        {            ""v"": 37,            ""x"": 15,            ""y"": 16        },        {            ""v"": 37,            ""x"": 16,            ""y"": 16        },        {            ""v"": 38,            ""x"": 17,            ""y"": 16        },        {            ""v"": 38,            ""x"": 18,            ""y"": 16        },        {            ""v"": 39,            ""x"": 19,            ""y"": 16        },        {            ""v"": 40,            ""x"": 20,            ""y"": 16        },        {            ""v"": 40,            ""x"": 21,            ""y"": 16        },        {            ""v"": 41,            ""x"": 22,            ""y"": 16        },        {            ""v"": 42,            ""x"": 23,            ""y"": 16        },        {            ""v"": 42,            ""x"": 24,            ""y"": 16        },        {            ""v"": 43,            ""x"": 25,            ""y"": 16        },        {            ""v"": 43,            ""x"": 26,            ""y"": 16        },        {            ""v"": 44,            ""x"": 27,            ""y"": 16        },        {            ""v"": 45,            ""x"": 28,            ""y"": 16        },        {            ""v"": 45,            ""x"": 29,            ""y"": 16        },        {            ""v"": 46,            ""x"": 30,            ""y"": 16        },        {            ""v"": 31,            ""x"": 10,            ""y"": 17        },        {            ""v"": 32,            ""x"": 11,            ""y"": 17        },        {            ""v"": 33,            ""x"": 12,            ""y"": 17        },        {            ""v"": 33,            ""x"": 13,            ""y"": 17        },        {            ""v"": 34,            ""x"": 14,            ""y"": 17        },        {            ""v"": 35,            ""x"": 15,            ""y"": 17        },        {            ""v"": 35,            ""x"": 16,            ""y"": 17        },        {            ""v"": 36,            ""x"": 17,            ""y"": 17        },        {            ""v"": 37,            ""x"": 18,            ""y"": 17        },        {            ""v"": 37,            ""x"": 19,            ""y"": 17        },        {            ""v"": 38,            ""x"": 20,            ""y"": 17        },        {            ""v"": 39,            ""x"": 21,            ""y"": 17        },        {            ""v"": 39,            ""x"": 22,            ""y"": 17        },        {            ""v"": 40,            ""x"": 23,            ""y"": 17        },        {            ""v"": 41,            ""x"": 24,            ""y"": 17        },        {            ""v"": 41,            ""x"": 25,            ""y"": 17        },        {            ""v"": 42,            ""x"": 26,            ""y"": 17        },        {            ""v"": 43,            ""x"": 27,            ""y"": 17        },        {            ""v"": 43,            ""x"": 28,            ""y"": 17        },        {            ""v"": 44,            ""x"": 29,            ""y"": 17        },        {            ""v"": 45,            ""x"": 30,            ""y"": 17        },        {            ""v"": 29,            ""x"": 10,            ""y"": 18        },        {            ""v"": 30,            ""x"": 11,            ""y"": 18        },        {            ""v"": 31,            ""x"": 12,            ""y"": 18        },        {            ""v"": 31,            ""x"": 13,            ""y"": 18        },        {            ""v"": 32,            ""x"": 14,            ""y"": 18        },        {            ""v"": 33,            ""x"": 15,            ""y"": 18        },        {            ""v"": 33,            ""x"": 16,            ""y"": 18        },        {            ""v"": 34,            ""x"": 17,            ""y"": 18        },        {            ""v"": 35,            ""x"": 18,            ""y"": 18        },        {            ""v"": 35,            ""x"": 19,            ""y"": 18        },        {            ""v"": 36,            ""x"": 20,            ""y"": 18        },        {            ""v"": 37,            ""x"": 21,            ""y"": 18        },        {            ""v"": 37,            ""x"": 22,            ""y"": 18        },        {            ""v"": 38,            ""x"": 23,            ""y"": 18        },        {            ""v"": 39,            ""x"": 24,            ""y"": 18        },        {            ""v"": 40,            ""x"": 25,            ""y"": 18        },        {            ""v"": 40,            ""x"": 26,            ""y"": 18        },        {            ""v"": 41,            ""x"": 27,            ""y"": 18        },        {            ""v"": 42,            ""x"": 28,            ""y"": 18        },        {            ""v"": 42,            ""x"": 29,            ""y"": 18        },        {            ""v"": 43,            ""x"": 30,            ""y"": 18        },        {            ""v"": 27,            ""x"": 10,            ""y"": 19        },        {            ""v"": 28,            ""x"": 11,            ""y"": 19        },        {            ""v"": 29,            ""x"": 12,            ""y"": 19        },        {            ""v"": 29,            ""x"": 13,            ""y"": 19        },        {            ""v"": 30,            ""x"": 14,            ""y"": 19        },        {            ""v"": 31,            ""x"": 15,            ""y"": 19        },        {            ""v"": 31,            ""x"": 16,            ""y"": 19        },        {            ""v"": 32,            ""x"": 17,            ""y"": 19        },        {            ""v"": 33,            ""x"": 18,            ""y"": 19        },        {            ""v"": 34,            ""x"": 19,            ""y"": 19        },        {            ""v"": 34,            ""x"": 20,            ""y"": 19        },        {            ""v"": 35,            ""x"": 21,            ""y"": 19        },        {            ""v"": 36,            ""x"": 22,            ""y"": 19        },        {            ""v"": 36,            ""x"": 23,            ""y"": 19        },        {            ""v"": 37,            ""x"": 24,            ""y"": 19        },        {            ""v"": 38,            ""x"": 25,            ""y"": 19        },        {            ""v"": 39,            ""x"": 26,            ""y"": 19        },        {            ""v"": 39,            ""x"": 27,            ""y"": 19        },        {            ""v"": 40,            ""x"": 28,            ""y"": 19        },        {            ""v"": 41,            ""x"": 29,            ""y"": 19        },        {            ""v"": 42,            ""x"": 30,            ""y"": 19        },        {            ""v"": 25,            ""x"": 10,            ""y"": 20        },        {            ""v"": 26,            ""x"": 11,            ""y"": 20        },        {            ""v"": 27,            ""x"": 12,            ""y"": 20        },        {            ""v"": 27,            ""x"": 13,            ""y"": 20        },        {            ""v"": 28,            ""x"": 14,            ""y"": 20        },        {            ""v"": 29,            ""x"": 15,            ""y"": 20        },        {            ""v"": 30,            ""x"": 16,            ""y"": 20        },        {            ""v"": 30,            ""x"": 17,            ""y"": 20        },        {            ""v"": 31,            ""x"": 18,            ""y"": 20        },        {            ""v"": 32,            ""x"": 19,            ""y"": 20        },        {            ""v"": 33,            ""x"": 20,            ""y"": 20        },        {            ""v"": 33,            ""x"": 21,            ""y"": 20        },        {            ""v"": 34,            ""x"": 22,            ""y"": 20        },        {            ""v"": 35,            ""x"": 23,            ""y"": 20        },        {            ""v"": 35,            ""x"": 24,            ""y"": 20        },        {            ""v"": 36,            ""x"": 25,            ""y"": 20        },        {            ""v"": 37,            ""x"": 26,            ""y"": 20        },        {            ""v"": 38,            ""x"": 27,            ""y"": 20        },        {            ""v"": 39,            ""x"": 28,            ""y"": 20        },        {            ""v"": 39,            ""x"": 29,            ""y"": 20        },        {            ""v"": 40,            ""x"": 30,            ""y"": 20        },        {            ""v"": 23,            ""x"": 10,            ""y"": 21        },        {            ""v"": 24,            ""x"": 11,            ""y"": 21        },        {            ""v"": 24,            ""x"": 12,            ""y"": 21        },        {            ""v"": 25,            ""x"": 13,            ""y"": 21        },        {            ""v"": 26,            ""x"": 14,            ""y"": 21        },        {            ""v"": 27,            ""x"": 15,            ""y"": 21        },        {            ""v"": 28,            ""x"": 16,            ""y"": 21        },        {            ""v"": 28,            ""x"": 17,            ""y"": 21        },        {            ""v"": 29,            ""x"": 18,            ""y"": 21        },        {            ""v"": 30,            ""x"": 19,            ""y"": 21        },        {            ""v"": 31,            ""x"": 20,            ""y"": 21        },        {            ""v"": 31,            ""x"": 21,            ""y"": 21        },        {            ""v"": 32,            ""x"": 22,            ""y"": 21        },        {            ""v"": 33,            ""x"": 23,            ""y"": 21        },        {            ""v"": 34,            ""x"": 24,            ""y"": 21        },        {            ""v"": 35,            ""x"": 25,            ""y"": 21        },        {            ""v"": 35,            ""x"": 26,            ""y"": 21        },        {            ""v"": 36,            ""x"": 27,            ""y"": 21        },        {            ""v"": 37,            ""x"": 28,            ""y"": 21        },        {            ""v"": 38,            ""x"": 29,            ""y"": 21        },        {            ""v"": 39,            ""x"": 30,            ""y"": 21        },        {            ""v"": 21,            ""x"": 10,            ""y"": 22        },        {            ""v"": 22,            ""x"": 11,            ""y"": 22        },        {            ""v"": 22,            ""x"": 12,            ""y"": 22        },        {            ""v"": 23,            ""x"": 13,            ""y"": 22        },        {            ""v"": 24,            ""x"": 14,            ""y"": 22        },        {            ""v"": 25,            ""x"": 15,            ""y"": 22        },        {            ""v"": 26,            ""x"": 16,            ""y"": 22        },        {            ""v"": 26,            ""x"": 17,            ""y"": 22        },        {            ""v"": 27,            ""x"": 18,            ""y"": 22        },        {            ""v"": 28,            ""x"": 19,            ""y"": 22        },        {            ""v"": 29,            ""x"": 20,            ""y"": 22        },        {            ""v"": 30,            ""x"": 21,            ""y"": 22        },        {            ""v"": 31,            ""x"": 22,            ""y"": 22        },        {            ""v"": 31,            ""x"": 23,            ""y"": 22        },        {            ""v"": 32,            ""x"": 24,            ""y"": 22        },        {            ""v"": 33,            ""x"": 25,            ""y"": 22        },        {            ""v"": 34,            ""x"": 26,            ""y"": 22        },        {            ""v"": 35,            ""x"": 27,            ""y"": 22        },        {            ""v"": 35,            ""x"": 28,            ""y"": 22        },        {            ""v"": 36,            ""x"": 29,            ""y"": 22        },        {            ""v"": 37,            ""x"": 30,            ""y"": 22        },        {            ""v"": 19,            ""x"": 10,            ""y"": 23        },        {            ""v"": 20,            ""x"": 11,            ""y"": 23        },        {            ""v"": 20,            ""x"": 12,            ""y"": 23        },        {            ""v"": 21,            ""x"": 13,            ""y"": 23        },        {            ""v"": 22,            ""x"": 14,            ""y"": 23        },        {            ""v"": 23,            ""x"": 15,            ""y"": 23        },        {            ""v"": 24,            ""x"": 16,            ""y"": 23        },        {            ""v"": 25,            ""x"": 17,            ""y"": 23        },        {            ""v"": 25,            ""x"": 18,            ""y"": 23        },        {            ""v"": 26,            ""x"": 19,            ""y"": 23        },        {            ""v"": 27,            ""x"": 20,            ""y"": 23        },        {            ""v"": 28,            ""x"": 21,            ""y"": 23        },        {            ""v"": 29,            ""x"": 22,            ""y"": 23        },        {            ""v"": 30,            ""x"": 23,            ""y"": 23        },        {            ""v"": 30,            ""x"": 24,            ""y"": 23        },        {            ""v"": 31,            ""x"": 25,            ""y"": 23        },        {            ""v"": 32,            ""x"": 26,            ""y"": 23        },        {            ""v"": 33,            ""x"": 27,            ""y"": 23        },        {            ""v"": 34,            ""x"": 28,            ""y"": 23        },        {            ""v"": 35,            ""x"": 29,            ""y"": 23        },        {            ""v"": 36,            ""x"": 30,            ""y"": 23        },        {            ""v"": 17,            ""x"": 10,            ""y"": 24        },        {            ""v"": 17,            ""x"": 11,            ""y"": 24        },        {            ""v"": 18,            ""x"": 12,            ""y"": 24        },        {            ""v"": 19,            ""x"": 13,            ""y"": 24        },        {            ""v"": 20,            ""x"": 14,            ""y"": 24        },        {            ""v"": 21,            ""x"": 15,            ""y"": 24        },        {            ""v"": 22,            ""x"": 16,            ""y"": 24        },        {            ""v"": 23,            ""x"": 17,            ""y"": 24        },        {            ""v"": 24,            ""x"": 18,            ""y"": 24        },        {            ""v"": 24,            ""x"": 19,            ""y"": 24        },        {            ""v"": 25,            ""x"": 20,            ""y"": 24        },        {            ""v"": 26,            ""x"": 21,            ""y"": 24        },        {            ""v"": 27,            ""x"": 22,            ""y"": 24        },        {            ""v"": 28,            ""x"": 23,            ""y"": 24        },        {            ""v"": 29,            ""x"": 24,            ""y"": 24        },        {            ""v"": 30,            ""x"": 25,            ""y"": 24        },        {            ""v"": 31,            ""x"": 26,            ""y"": 24        },        {            ""v"": 31,            ""x"": 27,            ""y"": 24        },        {            ""v"": 32,            ""x"": 28,            ""y"": 24        },        {            ""v"": 33,            ""x"": 29,            ""y"": 24        },        {            ""v"": 34,            ""x"": 30,            ""y"": 24        },        {            ""v"": 15,            ""x"": 10,            ""y"": 25        },        {            ""v"": 15,            ""x"": 11,            ""y"": 25        },        {            ""v"": 16,            ""x"": 12,            ""y"": 25        },        {            ""v"": 17,            ""x"": 13,            ""y"": 25        },        {            ""v"": 18,            ""x"": 14,            ""y"": 25        },        {            ""v"": 19,            ""x"": 15,            ""y"": 25        },        {            ""v"": 20,            ""x"": 16,            ""y"": 25        },        {            ""v"": 21,            ""x"": 17,            ""y"": 25        },        {            ""v"": 22,            ""x"": 18,            ""y"": 25        },        {            ""v"": 23,            ""x"": 19,            ""y"": 25        },        {            ""v"": 24,            ""x"": 20,            ""y"": 25        },        {            ""v"": 24,            ""x"": 21,            ""y"": 25        },        {            ""v"": 25,            ""x"": 22,            ""y"": 25        },        {            ""v"": 26,            ""x"": 23,            ""y"": 25        },        {            ""v"": 27,            ""x"": 24,            ""y"": 25        },        {            ""v"": 28,            ""x"": 25,            ""y"": 25        },        {            ""v"": 29,            ""x"": 26,            ""y"": 25        },        {            ""v"": 30,            ""x"": 27,            ""y"": 25        },        {            ""v"": 31,            ""x"": 28,            ""y"": 25        },        {            ""v"": 32,            ""x"": 29,            ""y"": 25        },        {            ""v"": 33,            ""x"": 30,            ""y"": 25        }    ]}"
om_2,Matrix 2,Use this matrix,"{
    ""data"": [
        {
            ""v"": 12,
            ""x"": 10,
            ""y"": 5
        },
        {
            ""v"": 11,
            ""x"": 11,
            ""y"": 5
        },
        {
            ""v"": 10,
            ""x"": 12,
            ""y"": 5
        },
        {
            ""v"": 10,
            ""x"": 13,
            ""y"": 5
        },
        {
            ""v"": 9,
            ""x"": 14,
            ""y"": 5
        },
        {
            ""v"": 9,
            ""x"": 15,
            ""y"": 5
        },
        {
            ""v"": 8,
            ""x"": 16,
            ""y"": 5
        },
        {
            ""v"": 8,
            ""x"": 17,
            ""y"": 5
        },
        {
            ""v"": 7,
            ""x"": 18,
            ""y"": 5
        },
        {
            ""v"": 7,
            ""x"": 19,
            ""y"": 5
        },
        {
            ""v"": 6,
            ""x"": 20,
            ""y"": 5
        },
        {
            ""v"": 5,
            ""x"": 21,
            ""y"": 5
        },
        {
            ""v"": 5,
            ""x"": 22,
            ""y"": 5
        },
        {
            ""v"": 4,
            ""x"": 23,
            ""y"": 5
        },
        {
            ""v"": 4,
            ""x"": 24,
            ""y"": 5
        },
        {
            ""v"": 3,
            ""x"": 25,
            ""y"": 5
        },
        {
            ""v"": 3,
            ""x"": 26,
            ""y"": 5
        },
        {
            ""v"": 2,
            ""x"": 27,
            ""y"": 5
        },
        {
            ""v"": 2,
            ""x"": 28,
            ""y"": 5
        },
        {
            ""v"": 1,
            ""x"": 29,
            ""y"": 5
        },
        {
            ""v"": 1,
            ""x"": 30,
            ""y"": 5
        },
        {
            ""v"": 13,
            ""x"": 10,
            ""y"": 6
        },
        {
            ""v"": 12,
            ""x"": 11,
            ""y"": 6
        },
        {
            ""v"": 12,
            ""x"": 12,
            ""y"": 6
        },
        {
            ""v"": 11,
            ""x"": 13,
            ""y"": 6
        },
        {
            ""v"": 11,
            ""x"": 14,
            ""y"": 6
        },
        {
            ""v"": 10,
            ""x"": 15,
            ""y"": 6
        },
        {
            ""v"": 10,
            ""x"": 16,
            ""y"": 6
        },
        {
            ""v"": 9,
            ""x"": 17,
            ""y"": 6
        },
        {
            ""v"": 9,
            ""x"": 18,
            ""y"": 6
        },
        {
            ""v"": 8,
            ""x"": 19,
            ""y"": 6
        },
        {
            ""v"": 8,
            ""x"": 20,
            ""y"": 6
        },
        {
            ""v"": 7,
            ""x"": 21,
            ""y"": 6
        },
        {
            ""v"": 7,
            ""x"": 22,
            ""y"": 6
        },
        {
            ""v"": 7,
            ""x"": 23,
            ""y"": 6
        },
        {
            ""v"": 6,
            ""x"": 24,
            ""y"": 6
        },
        {
            ""v"": 6,
            ""x"": 25,
            ""y"": 6
        },
        {
            ""v"": 5,
            ""x"": 26,
            ""y"": 6
        },
        {
            ""v"": 5,
            ""x"": 27,
            ""y"": 6
        },
        {
            ""v"": 4,
            ""x"": 28,
            ""y"": 6
        },
        {
            ""v"": 4,
            ""x"": 29,
            ""y"": 6
        },
        {
            ""v"": 3,
            ""x"": 30,
            ""y"": 6
        },
        {
            ""v"": 14,
            ""x"": 10,
            ""y"": 7
        },
        {
            ""v"": 13,
            ""x"": 11,
            ""y"": 7
        },
        {
            ""v"": 13,
            ""x"": 12,
            ""y"": 7
        },
        {
            ""v"": 13,
            ""x"": 13,
            ""y"": 7
        },
        {
            ""v"": 12,
            ""x"": 14,
            ""y"": 7
        },
        {
            ""v"": 12,
            ""x"": 15,
            ""y"": 7
        },
        {
            ""v"": 11,
            ""x"": 16,
            ""y"": 7
        },
        {
            ""v"": 11,
            ""x"": 17,
            ""y"": 7
        },
        {
            ""v"": 11,
            ""x"": 18,
            ""y"": 7
        },
        {
            ""v"": 10,
            ""x"": 19,
            ""y"": 7
        },
        {
            ""v"": 10,
            ""x"": 20,
            ""y"": 7
        },
        {
            ""v"": 10,
            ""x"": 21,
            ""y"": 7
        },
        {
            ""v"": 9,
            ""x"": 22,
            ""y"": 7
        },
        {
            ""v"": 9,
            ""x"": 23,
            ""y"": 7
        },
        {
            ""v"": 8,
            ""x"": 24,
            ""y"": 7
        },
        {
            ""v"": 8,
            ""x"": 25,
            ""y"": 7
        },
        {
            ""v"": 8,
            ""x"": 26,
            ""y"": 7
        },
        {
            ""v"": 7,
            ""x"": 27,
            ""y"": 7
        },
        {
            ""v"": 7,
            ""x"": 28,
            ""y"": 7
        },
        {
            ""v"": 6,
            ""x"": 29,
            ""y"": 7
        },
        {
            ""v"": 6,
            ""x"": 30,
            ""y"": 7
        },
        {
            ""v"": 15,
            ""x"": 10,
            ""y"": 8
        },
        {
            ""v"": 15,
            ""x"": 11,
            ""y"": 8
        },
        {
            ""v"": 14,
            ""x"": 12,
            ""y"": 8
        },
        {
            ""v"": 14,
            ""x"": 13,
            ""y"": 8
        },
        {
            ""v"": 14,
            ""x"": 14,
            ""y"": 8
        },
        {
            ""v"": 13,
            ""x"": 15,
            ""y"": 8
        },
        {
            ""v"": 13,
            ""x"": 16,
            ""y"": 8
        },
        {
            ""v"": 13,
            ""x"": 17,
            ""y"": 8
        },
        {
            ""v"": 12,
            ""x"": 18,
            ""y"": 8
        },
        {
            ""v"": 12,
            ""x"": 19,
            ""y"": 8
        },
        {
            ""v"": 12,
            ""x"": 20,
            ""y"": 8
        },
        {
            ""v"": 12,
            ""x"": 21,
            ""y"": 8
        },
        {
            ""v"": 11,
            ""x"": 22,
            ""y"": 8
        },
        {
            ""v"": 11,
            ""x"": 23,
            ""y"": 8
        },
        {
            ""v"": 11,
            ""x"": 24,
            ""y"": 8
        },
        {
            ""v"": 10,
            ""x"": 25,
            ""y"": 8
        },
        {
            ""v"": 10,
            ""x"": 26,
            ""y"": 8
        },
        {
            ""v"": 10,
            ""x"": 27,
            ""y"": 8
        },
        {
            ""v"": 9,
            ""x"": 28,
            ""y"": 8
        },
        {
            ""v"": 9,
            ""x"": 29,
            ""y"": 8
        },
        {
            ""v"": 9,
            ""x"": 30,
            ""y"": 8
        },
        {
            ""v"": 16,
            ""x"": 10,
            ""y"": 9
        },
        {
            ""v"": 16,
            ""x"": 11,
            ""y"": 9
        },
        {
            ""v"": 15,
            ""x"": 12,
            ""y"": 9
        },
        {
            ""v"": 15,
            ""x"": 13,
            ""y"": 9
        },
        {
            ""v"": 15,
            ""x"": 14,
            ""y"": 9
        },
        {
            ""v"": 15,
            ""x"": 15,
            ""y"": 9
        },
        {
            ""v"": 15,
            ""x"": 16,
            ""y"": 9
        },
        {
            ""v"": 14,
            ""x"": 17,
            ""y"": 9
        },
        {
            ""v"": 14,
            ""x"": 18,
            ""y"": 9
        },
        {
            ""v"": 14,
            ""x"": 19,
            ""y"": 9
        },
        {
            ""v"": 14,
            ""x"": 20,
            ""y"": 9
        },
        {
            ""v"": 14,
            ""x"": 21,
            ""y"": 9
        },
        {
            ""v"": 13,
            ""x"": 22,
            ""y"": 9
        },
        {
            ""v"": 13,
            ""x"": 23,
            ""y"": 9
        },
        {
            ""v"": 13,
            ""x"": 24,
            ""y"": 9
        },
        {
            ""v"": 13,
            ""x"": 25,
            ""y"": 9
        },
        {
            ""v"": 13,
            ""x"": 26,
            ""y"": 9
        },
        {
            ""v"": 12,
            ""x"": 27,
            ""y"": 9
        },
        {
            ""v"": 12,
            ""x"": 28,
            ""y"": 9
        },
        {
            ""v"": 12,
            ""x"": 29,
            ""y"": 9
        },
        {
            ""v"": 12,
            ""x"": 30,
            ""y"": 9
        },
        {
            ""v"": 17,
            ""x"": 10,
            ""y"": 10
        },
        {
            ""v"": 17,
            ""x"": 11,
            ""y"": 10
        },
        {
            ""v"": 17,
            ""x"": 12,
            ""y"": 10
        },
        {
            ""v"": 17,
            ""x"": 13,
            ""y"": 10
        },
        {
            ""v"": 17,
            ""x"": 14,
            ""y"": 10
        },
        {
            ""v"": 16,
            ""x"": 15,
            ""y"": 10
        },
        {
            ""v"": 16,
            ""x"": 16,
            ""y"": 10
        },
        {
            ""v"": 16,
            ""x"": 17,
            ""y"": 10
        },
        {
            ""v"": 16,
            ""x"": 18,
            ""y"": 10
        },
        {
            ""v"": 16,
            ""x"": 19,
            ""y"": 10
        },
        {
            ""v"": 16,
            ""x"": 20,
            ""y"": 10
        },
        {
            ""v"": 16,
            ""x"": 21,
            ""y"": 10
        },
        {
            ""v"": 16,
            ""x"": 22,
            ""y"": 10
        },
        {
            ""v"": 15,
            ""x"": 23,
            ""y"": 10
        },
        {
            ""v"": 15,
            ""x"": 24,
            ""y"": 10
        },
        {
            ""v"": 15,
            ""x"": 25,
            ""y"": 10
        },
        {
            ""v"": 15,
            ""x"": 26,
            ""y"": 10
        },
        {
            ""v"": 15,
            ""x"": 27,
            ""y"": 10
        },
        {
            ""v"": 15,
            ""x"": 28,
            ""y"": 10
        },
        {
            ""v"": 15,
            ""x"": 29,
            ""y"": 10
        },
        {
            ""v"": 15,
            ""x"": 30,
            ""y"": 10
        },
        {
            ""v"": 18,
            ""x"": 10,
            ""y"": 11
        },
        {
            ""v"": 18,
            ""x"": 11,
            ""y"": 11
        },
        {
            ""v"": 18,
            ""x"": 12,
            ""y"": 11
        },
        {
            ""v"": 18,
            ""x"": 13,
            ""y"": 11
        },
        {
            ""v"": 18,
            ""x"": 14,
            ""y"": 11
        },
        {
            ""v"": 18,
            ""x"": 15,
            ""y"": 11
        },
        {
            ""v"": 18,
            ""x"": 16,
            ""y"": 11
        },
        {
            ""v"": 18,
            ""x"": 17,
            ""y"": 11
        },
        {
            ""v"": 18,
            ""x"": 18,
            ""y"": 11
        },
        {
            ""v"": 18,
            ""x"": 19,
            ""y"": 11
        },
        {
            ""v"": 18,
            ""x"": 20,
            ""y"": 11
        },
        {
            ""v"": 18,
            ""x"": 21,
            ""y"": 11
        },
        {
            ""v"": 18,
            ""x"": 22,
            ""y"": 11
        },
        {
            ""v"": 18,
            ""x"": 23,
            ""y"": 11
        },
        {
            ""v"": 18,
            ""x"": 24,
            ""y"": 11
        },
        {
            ""v"": 18,
            ""x"": 25,
            ""y"": 11
        },
        {
            ""v"": 17,
            ""x"": 26,
            ""y"": 11
        },
        {
            ""v"": 17,
            ""x"": 27,
            ""y"": 11
        },
        {
            ""v"": 17,
            ""x"": 28,
            ""y"": 11
        },
        {
            ""v"": 17,
            ""x"": 29,
            ""y"": 11
        },
        {
            ""v"": 17,
            ""x"": 30,
            ""y"": 11
        },
        {
            ""v"": 19,
            ""x"": 10,
            ""y"": 12
        },
        {
            ""v"": 19,
            ""x"": 11,
            ""y"": 12
        },
        {
            ""v"": 19,
            ""x"": 12,
            ""y"": 12
        },
        {
            ""v"": 19,
            ""x"": 13,
            ""y"": 12
        },
        {
            ""v"": 19,
            ""x"": 14,
            ""y"": 12
        },
        {
            ""v"": 19,
            ""x"": 15,
            ""y"": 12
        },
        {
            ""v"": 19,
            ""x"": 16,
            ""y"": 12
        },
        {
            ""v"": 20,
            ""x"": 17,
            ""y"": 12
        },
        {
            ""v"": 20,
            ""x"": 18,
            ""y"": 12
        },
        {
            ""v"": 20,
            ""x"": 19,
            ""y"": 12
        },
        {
            ""v"": 20,
            ""x"": 20,
            ""y"": 12
        },
        {
            ""v"": 20,
            ""x"": 21,
            ""y"": 12
        },
        {
            ""v"": 20,
            ""x"": 22,
            ""y"": 12
        },
        {
            ""v"": 20,
            ""x"": 23,
            ""y"": 12
        },
        {
            ""v"": 20,
            ""x"": 24,
            ""y"": 12
        },
        {
            ""v"": 20,
            ""x"": 25,
            ""y"": 12
        },
        {
            ""v"": 20,
            ""x"": 26,
            ""y"": 12
        },
        {
            ""v"": 20,
            ""x"": 27,
            ""y"": 12
        },
        {
            ""v"": 20,
            ""x"": 28,
            ""y"": 12
        },
        {
            ""v"": 20,
            ""x"": 29,
            ""y"": 12
        },
        {
            ""v"": 20,
            ""x"": 30,
            ""y"": 12
        },
        {
            ""v"": 20,
            ""x"": 10,
            ""y"": 13
        },
        {
            ""v"": 20,
            ""x"": 11,
            ""y"": 13
        },
        {
            ""v"": 21,
            ""x"": 12,
            ""y"": 13
        },
        {
            ""v"": 21,
            ""x"": 13,
            ""y"": 13
        },
        {
            ""v"": 21,
            ""x"": 14,
            ""y"": 13
        },
        {
            ""v"": 21,
            ""x"": 15,
            ""y"": 13
        },
        {
            ""v"": 21,
            ""x"": 16,
            ""y"": 13
        },
        {
            ""v"": 21,
            ""x"": 17,
            ""y"": 13
        },
        {
            ""v"": 21,
            ""x"": 18,
            ""y"": 13
        },
        {
            ""v"": 21,
            ""x"": 19,
            ""y"": 13
        },
        {
            ""v"": 22,
            ""x"": 20,
            ""y"": 13
        },
        {
            ""v"": 22,
            ""x"": 21,
            ""y"": 13
        },
        {
            ""v"": 22,
            ""x"": 22,
            ""y"": 13
        },
        {
            ""v"": 22,
            ""x"": 23,
            ""y"": 13
        },
        {
            ""v"": 22,
            ""x"": 24,
            ""y"": 13
        },
        {
            ""v"": 22,
            ""x"": 25,
            ""y"": 13
        },
        {
            ""v"": 22,
            ""x"": 26,
            ""y"": 13
        },
        {
            ""v"": 23,
            ""x"": 27,
            ""y"": 13
        },
        {
            ""v"": 23,
            ""x"": 28,
            ""y"": 13
        },
        {
            ""v"": 23,
            ""x"": 29,
            ""y"": 13
        },
        {
            ""v"": 23,
            ""x"": 30,
            ""y"": 13
        },
        {
            ""v"": 21,
            ""x"": 10,
            ""y"": 14
        },
        {
            ""v"": 22,
            ""x"": 11,
            ""y"": 14
        },
        {
            ""v"": 22,
            ""x"": 12,
            ""y"": 14
        },
        {
            ""v"": 22,
            ""x"": 13,
            ""y"": 14
        },
        {
            ""v"": 22,
            ""x"": 14,
            ""y"": 14
        },
        {
            ""v"": 22,
            ""x"": 15,
            ""y"": 14
        },
        {
            ""v"": 23,
            ""x"": 16,
            ""y"": 14
        },
        {
            ""v"": 23,
            ""x"": 17,
            ""y"": 14
        },
        {
            ""v"": 23,
            ""x"": 18,
            ""y"": 14
        },
        {
            ""v"": 23,
            ""x"": 19,
            ""y"": 14
        },
        {
            ""v"": 24,
            ""x"": 20,
            ""y"": 14
        },
        {
            ""v"": 24,
            ""x"": 21,
            ""y"": 14
        },
        {
            ""v"": 24,
            ""x"": 22,
            ""y"": 14
        },
        {
            ""v"": 24,
            ""x"": 23,
            ""y"": 14
        },
        {
            ""v"": 24,
            ""x"": 24,
            ""y"": 14
        },
        {
            ""v"": 25,
            ""x"": 25,
            ""y"": 14
        },
        {
            ""v"": 25,
            ""x"": 26,
            ""y"": 14
        },
        {
            ""v"": 25,
            ""x"": 27,
            ""y"": 14
        },
        {
            ""v"": 25,
            ""x"": 28,
            ""y"": 14
        },
        {
            ""v"": 25,
            ""x"": 29,
            ""y"": 14
        },
        {
            ""v"": 26,
            ""x"": 30,
            ""y"": 14
        },
        {
            ""v"": 23,
            ""x"": 10,
            ""y"": 15
        },
        {
            ""v"": 23,
            ""x"": 11,
            ""y"": 15
        },
        {
            ""v"": 23,
            ""x"": 12,
            ""y"": 15
        },
        {
            ""v"": 23,
            ""x"": 13,
            ""y"": 15
        },
        {
            ""v"": 24,
            ""x"": 14,
            ""y"": 15
        },
        {
            ""v"": 24,
            ""x"": 15,
            ""y"": 15
        },
        {
            ""v"": 24,
            ""x"": 16,
            ""y"": 15
        },
        {
            ""v"": 25,
            ""x"": 17,
            ""y"": 15
        },
        {
            ""v"": 25,
            ""x"": 18,
            ""y"": 15
        },
        {
            ""v"": 25,
            ""x"": 19,
            ""y"": 15
        },
        {
            ""v"": 26,
            ""x"": 20,
            ""y"": 15
        },
        {
            ""v"": 26,
            ""x"": 21,
            ""y"": 15
        },
        {
            ""v"": 26,
            ""x"": 22,
            ""y"": 15
        },
        {
            ""v"": 26,
            ""x"": 23,
            ""y"": 15
        },
        {
            ""v"": 27,
            ""x"": 24,
            ""y"": 15
        },
        {
            ""v"": 27,
            ""x"": 25,
            ""y"": 15
        },
        {
            ""v"": 27,
            ""x"": 26,
            ""y"": 15
        },
        {
            ""v"": 28,
            ""x"": 27,
            ""y"": 15
        },
        {
            ""v"": 28,
            ""x"": 28,
            ""y"": 15
        },
        {
            ""v"": 28,
            ""x"": 29,
            ""y"": 15
        },
        {
            ""v"": 29,
            ""x"": 30,
            ""y"": 15
        },
        {
            ""v"": 28,
            ""x"": 10,
            ""y"": 16
        },
        {
            ""v"": 28,
            ""x"": 11,
            ""y"": 16
        },
        {
            ""v"": 28,
            ""x"": 12,
            ""y"": 16
        },
        {
            ""v"": 29,
            ""x"": 13,
            ""y"": 16
        },
        {
            ""v"": 29,
            ""x"": 14,
            ""y"": 16
        },
        {
            ""v"": 30,
            ""x"": 15,
            ""y"": 16
        },
        {
            ""v"": 30,
            ""x"": 16,
            ""y"": 16
        },
        {
            ""v"": 30,
            ""x"": 17,
            ""y"": 16
        },
        {
            ""v"": 31,
            ""x"": 18,
            ""y"": 16
        },
        {
            ""v"": 31,
            ""x"": 19,
            ""y"": 16
        },
        {
            ""v"": 32,
            ""x"": 20,
            ""y"": 16
        },
        {
            ""v"": 32,
            ""x"": 21,
            ""y"": 16
        },
        {
            ""v"": 32,
            ""x"": 22,
            ""y"": 16
        },
        {
            ""v"": 33,
            ""x"": 23,
            ""y"": 16
        },
        {
            ""v"": 33,
            ""x"": 24,
            ""y"": 16
        },
        {
            ""v"": 34,
            ""x"": 25,
            ""y"": 16
        },
        {
            ""v"": 34,
            ""x"": 26,
            ""y"": 16
        },
        {
            ""v"": 34,
            ""x"": 27,
            ""y"": 16
        },
        {
            ""v"": 35,
            ""x"": 28,
            ""y"": 16
        },
        {
            ""v"": 35,
            ""x"": 29,
            ""y"": 16
        },
        {
            ""v"": 36,
            ""x"": 30,
            ""y"": 16
        },
        {
            ""v"": 33,
            ""x"": 10,
            ""y"": 17
        },
        {
            ""v"": 33,
            ""x"": 11,
            ""y"": 17
        },
        {
            ""v"": 34,
            ""x"": 12,
            ""y"": 17
        },
        {
            ""v"": 34,
            ""x"": 13,
            ""y"": 17
        },
        {
            ""v"": 35,
            ""x"": 14,
            ""y"": 17
        },
        {
            ""v"": 35,
            ""x"": 15,
            ""y"": 17
        },
        {
            ""v"": 36,
            ""x"": 16,
            ""y"": 17
        },
        {
            ""v"": 36,
            ""x"": 17,
            ""y"": 17
        },
        {
            ""v"": 37,
            ""x"": 18,
            ""y"": 17
        },
        {
            ""v"": 37,
            ""x"": 19,
            ""y"": 17
        },
        {
            ""v"": 38,
            ""x"": 20,
            ""y"": 17
        },
        {
            ""v"": 38,
            ""x"": 21,
            ""y"": 17
        },
        {
            ""v"": 39,
            ""x"": 22,
            ""y"": 17
        },
        {
            ""v"": 39,
            ""x"": 23,
            ""y"": 17
        },
        {
            ""v"": 40,
            ""x"": 24,
            ""y"": 17
        },
        {
            ""v"": 40,
            ""x"": 25,
            ""y"": 17
        },
        {
            ""v"": 41,
            ""x"": 26,
            ""y"": 17
        },
        {
            ""v"": 41,
            ""x"": 27,
            ""y"": 17
        },
        {
            ""v"": 42,
            ""x"": 28,
            ""y"": 17
        },
        {
            ""v"": 42,
            ""x"": 29,
            ""y"": 17
        },
        {
            ""v"": 43,
            ""x"": 30,
            ""y"": 17
        },
        {
            ""v"": 38,
            ""x"": 10,
            ""y"": 18
        },
        {
            ""v"": 38,
            ""x"": 11,
            ""y"": 18
        },
        {
            ""v"": 39,
            ""x"": 12,
            ""y"": 18
        },
        {
            ""v"": 39,
            ""x"": 13,
            ""y"": 18
        },
        {
            ""v"": 40,
            ""x"": 14,
            ""y"": 18
        },
        {
            ""v"": 41,
            ""x"": 15,
            ""y"": 18
        },
        {
            ""v"": 41,
            ""x"": 16,
            ""y"": 18
        },
        {
            ""v"": 42,
            ""x"": 17,
            ""y"": 18
        },
        {
            ""v"": 42,
            ""x"": 18,
            ""y"": 18
        },
        {
            ""v"": 43,
            ""x"": 19,
            ""y"": 18
        },
        {
            ""v"": 44,
            ""x"": 20,
            ""y"": 18
        },
        {
            ""v"": 44,
            ""x"": 21,
            ""y"": 18
        },
        {
            ""v"": 45,
            ""x"": 22,
            ""y"": 18
        },
        {
            ""v"": 45,
            ""x"": 23,
            ""y"": 18
        },
        {
            ""v"": 46,
            ""x"": 24,
            ""y"": 18
        },
        {
            ""v"": 47,
            ""x"": 25,
            ""y"": 18
        },
        {
            ""v"": 47,
            ""x"": 26,
            ""y"": 18
        },
        {
            ""v"": 48,
            ""x"": 27,
            ""y"": 18
        },
        {
            ""v"": 49,
            ""x"": 28,
            ""y"": 18
        },
        {
            ""v"": 49,
            ""x"": 29,
            ""y"": 18
        },
        {
            ""v"": 50,
            ""x"": 30,
            ""y"": 18
        },
        {
            ""v"": 43,
            ""x"": 10,
            ""y"": 19
        },
        {
            ""v"": 43,
            ""x"": 11,
            ""y"": 19
        },
        {
            ""v"": 44,
            ""x"": 12,
            ""y"": 19
        },
        {
            ""v"": 45,
            ""x"": 13,
            ""y"": 19
        },
        {
            ""v"": 45,
            ""x"": 14,
            ""y"": 19
        },
        {
            ""v"": 46,
            ""x"": 15,
            ""y"": 19
        },
        {
            ""v"": 47,
            ""x"": 16,
            ""y"": 19
        },
        {
            ""v"": 48,
            ""x"": 17,
            ""y"": 19
        },
        {
            ""v"": 48,
            ""x"": 18,
            ""y"": 19
        },
        {
            ""v"": 49,
            ""x"": 19,
            ""y"": 19
        },
        {
            ""v"": 50,
            ""x"": 20,
            ""y"": 19
        },
        {
            ""v"": 50,
            ""x"": 21,
            ""y"": 19
        },
        {
            ""v"": 51,
            ""x"": 22,
            ""y"": 19
        },
        {
            ""v"": 52,
            ""x"": 23,
            ""y"": 19
        },
        {
            ""v"": 53,
            ""x"": 24,
            ""y"": 19
        },
        {
            ""v"": 53,
            ""x"": 25,
            ""y"": 19
        },
        {
            ""v"": 54,
            ""x"": 26,
            ""y"": 19
        },
        {
            ""v"": 55,
            ""x"": 27,
            ""y"": 19
        },
        {
            ""v"": 55,
            ""x"": 28,
            ""y"": 19
        },
        {
            ""v"": 56,
            ""x"": 29,
            ""y"": 19
        },
        {
            ""v"": 57,
            ""x"": 30,
            ""y"": 19
        },
        {
            ""v"": 48,
            ""x"": 10,
            ""y"": 20
        },
        {
            ""v"": 48,
            ""x"": 11,
            ""y"": 20
        },
        {
            ""v"": 49,
            ""x"": 12,
            ""y"": 20
        },
        {
            ""v"": 50,
            ""x"": 13,
            ""y"": 20
        },
        {
            ""v"": 51,
            ""x"": 14,
            ""y"": 20
        },
        {
            ""v"": 52,
            ""x"": 15,
            ""y"": 20
        },
        {
            ""v"": 52,
            ""x"": 16,
            ""y"": 20
        },
        {
            ""v"": 53,
            ""x"": 17,
            ""y"": 20
        },
        {
            ""v"": 54,
            ""x"": 18,
            ""y"": 20
        },
        {
            ""v"": 55,
            ""x"": 19,
            ""y"": 20
        },
        {
            ""v"": 56,
            ""x"": 20,
            ""y"": 20
        },
        {
            ""v"": 57,
            ""x"": 21,
            ""y"": 20
        },
        {
            ""v"": 57,
            ""x"": 22,
            ""y"": 20
        },
        {
            ""v"": 58,
            ""x"": 23,
            ""y"": 20
        },
        {
            ""v"": 59,
            ""x"": 24,
            ""y"": 20
        },
        {
            ""v"": 60,
            ""x"": 25,
            ""y"": 20
        },
        {
            ""v"": 61,
            ""x"": 26,
            ""y"": 20
        },
        {
            ""v"": 62,
            ""x"": 27,
            ""y"": 20
        },
        {
            ""v"": 62,
            ""x"": 28,
            ""y"": 20
        },
        {
            ""v"": 63,
            ""x"": 29,
            ""y"": 20
        },
        {
            ""v"": 64,
            ""x"": 30,
            ""y"": 20
        },
        {
            ""v"": 53,
            ""x"": 10,
            ""y"": 21
        },
        {
            ""v"": 53,
            ""x"": 11,
            ""y"": 21
        },
        {
            ""v"": 54,
            ""x"": 12,
            ""y"": 21
        },
        {
            ""v"": 55,
            ""x"": 13,
            ""y"": 21
        },
        {
            ""v"": 56,
            ""x"": 14,
            ""y"": 21
        },
        {
            ""v"": 57,
            ""x"": 15,
            ""y"": 21
        },
        {
            ""v"": 58,
            ""x"": 16,
            ""y"": 21
        },
        {
            ""v"": 59,
            ""x"": 17,
            ""y"": 21
        },
        {
            ""v"": 60,
            ""x"": 18,
            ""y"": 21
        },
        {
            ""v"": 61,
            ""x"": 19,
            ""y"": 21
        },
        {
            ""v"": 62,
            ""x"": 20,
            ""y"": 21
        },
        {
            ""v"": 63,
            ""x"": 21,
            ""y"": 21
        },
        {
            ""v"": 64,
            ""x"": 22,
            ""y"": 21
        },
        {
            ""v"": 65,
            ""x"": 23,
            ""y"": 21
        },
        {
            ""v"": 66,
            ""x"": 24,
            ""y"": 21
        },
        {
            ""v"": 66,
            ""x"": 25,
            ""y"": 21
        },
        {
            ""v"": 67,
            ""x"": 26,
            ""y"": 21
        },
        {
            ""v"": 68,
            ""x"": 27,
            ""y"": 21
        },
        {
            ""v"": 69,
            ""x"": 28,
            ""y"": 21
        },
        {
            ""v"": 70,
            ""x"": 29,
            ""y"": 21
        },
        {
            ""v"": 71,
            ""x"": 30,
            ""y"": 21
        },
        {
            ""v"": 57,
            ""x"": 10,
            ""y"": 22
        },
        {
            ""v"": 59,
            ""x"": 11,
            ""y"": 22
        },
        {
            ""v"": 60,
            ""x"": 12,
            ""y"": 22
        },
        {
            ""v"": 61,
            ""x"": 13,
            ""y"": 22
        },
        {
            ""v"": 62,
            ""x"": 14,
            ""y"": 22
        },
        {
            ""v"": 63,
            ""x"": 15,
            ""y"": 22
        },
        {
            ""v"": 64,
            ""x"": 16,
            ""y"": 22
        },
        {
            ""v"": 65,
            ""x"": 17,
            ""y"": 22
        },
        {
            ""v"": 66,
            ""x"": 18,
            ""y"": 22
        },
        {
            ""v"": 67,
            ""x"": 19,
            ""y"": 22
        },
        {
            ""v"": 68,
            ""x"": 20,
            ""y"": 22
        },
        {
            ""v"": 69,
            ""x"": 21,
            ""y"": 22
        },
        {
            ""v"": 70,
            ""x"": 22,
            ""y"": 22
        },
        {
            ""v"": 71,
            ""x"": 23,
            ""y"": 22
        },
        {
            ""v"": 72,
            ""x"": 24,
            ""y"": 22
        },
        {
            ""v"": 73,
            ""x"": 25,
            ""y"": 22
        },
        {
            ""v"": 74,
            ""x"": 26,
            ""y"": 22
        },
        {
            ""v"": 75,
            ""x"": 27,
            ""y"": 22
        },
        {
            ""v"": 76,
            ""x"": 28,
            ""y"": 22
        },
        {
            ""v"": 77,
            ""x"": 29,
            ""y"": 22
        },
        {
            ""v"": 78,
            ""x"": 30,
            ""y"": 22
        },
        {
            ""v"": 63,
            ""x"": 10,
            ""y"": 23
        },
        {
            ""v"": 64,
            ""x"": 11,
            ""y"": 23
        },
        {
            ""v"": 65,
            ""x"": 12,
            ""y"": 23
        },
        {
            ""v"": 66,
            ""x"": 13,
            ""y"": 23
        },
        {
            ""v"": 67,
            ""x"": 14,
            ""y"": 23
        },
        {
            ""v"": 68,
            ""x"": 15,
            ""y"": 23
        },
        {
            ""v"": 69,
            ""x"": 16,
            ""y"": 23
        },
        {
            ""v"": 70,
            ""x"": 17,
            ""y"": 23
        },
        {
            ""v"": 72,
            ""x"": 18,
            ""y"": 23
        },
        {
            ""v"": 73,
            ""x"": 19,
            ""y"": 23
        },
        {
            ""v"": 74,
            ""x"": 20,
            ""y"": 23
        },
        {
            ""v"": 75,
            ""x"": 21,
            ""y"": 23
        },
        {
            ""v"": 76,
            ""x"": 22,
            ""y"": 23
        },
        {
            ""v"": 77,
            ""x"": 23,
            ""y"": 23
        },
        {
            ""v"": 78,
            ""x"": 24,
            ""y"": 23
        },
        {
            ""v"": 80,
            ""x"": 25,
            ""y"": 23
        },
        {
            ""v"": 81,
            ""x"": 26,
            ""y"": 23
        },
        {
            ""v"": 82,
            ""x"": 27,
            ""y"": 23
        },
        {
            ""v"": 83,
            ""x"": 28,
            ""y"": 23
        },
        {
            ""v"": 84,
            ""x"": 29,
            ""y"": 23
        },
        {
            ""v"": 85,
            ""x"": 30,
            ""y"": 23
        },
        {
            ""v"": 68,
            ""x"": 10,
            ""y"": 24
        },
        {
            ""v"": 69,
            ""x"": 11,
            ""y"": 24
        },
        {
            ""v"": 70,
            ""x"": 12,
            ""y"": 24
        },
        {
            ""v"": 71,
            ""x"": 13,
            ""y"": 24
        },
        {
            ""v"": 72,
            ""x"": 14,
            ""y"": 24
        },
        {
            ""v"": 74,
            ""x"": 15,
            ""y"": 24
        },
        {
            ""v"": 75,
            ""x"": 16,
            ""y"": 24
        },
        {
            ""v"": 76,
            ""x"": 17,
            ""y"": 24
        },
        {
            ""v"": 77,
            ""x"": 18,
            ""y"": 24
        },
        {
            ""v"": 79,
            ""x"": 19,
            ""y"": 24
        },
        {
            ""v"": 80,
            ""x"": 20,
            ""y"": 24
        },
        {
            ""v"": 81,
            ""x"": 21,
            ""y"": 24
        },
        {
            ""v"": 82,
            ""x"": 22,
            ""y"": 24
        },
        {
            ""v"": 84,
            ""x"": 23,
            ""y"": 24
        },
        {
            ""v"": 85,
            ""x"": 24,
            ""y"": 24
        },
        {
            ""v"": 86,
            ""x"": 25,
            ""y"": 24
        },
        {
            ""v"": 87,
            ""x"": 26,
            ""y"": 24
        },
        {
            ""v"": 89,
            ""x"": 27,
            ""y"": 24
        },
        {
            ""v"": 90,
            ""x"": 28,
            ""y"": 24
        },
        {
            ""v"": 91,
            ""x"": 29,
            ""y"": 24
        },
        {
            ""v"": 92,
            ""x"": 30,
            ""y"": 24
        },
        {
            ""v"": 73,
            ""x"": 10,
            ""y"": 25
        },
        {
            ""v"": 74,
            ""x"": 11,
            ""y"": 25
        },
        {
            ""v"": 75,
            ""x"": 12,
            ""y"": 25
        },
        {
            ""v"": 77,
            ""x"": 13,
            ""y"": 25
        },
        {
            ""v"": 78,
            ""x"": 14,
            ""y"": 25
        },
        {
            ""v"": 79,
            ""x"": 15,
            ""y"": 25
        },
        {
            ""v"": 81,
            ""x"": 16,
            ""y"": 25
        },
        {
            ""v"": 82,
            ""x"": 17,
            ""y"": 25
        },
        {
            ""v"": 83,
            ""x"": 18,
            ""y"": 25
        },
        {
            ""v"": 85,
            ""x"": 19,
            ""y"": 25
        },
        {
            ""v"": 86,
            ""x"": 20,
            ""y"": 25
        },
        {
            ""v"": 87,
            ""x"": 21,
            ""y"": 25
        },
        {
            ""v"": 89,
            ""x"": 22,
            ""y"": 25
        },
        {
            ""v"": 90,
            ""x"": 23,
            ""y"": 25
        },
        {
            ""v"": 91,
            ""x"": 24,
            ""y"": 25
        },
        {
            ""v"": 93,
            ""x"": 25,
            ""y"": 25
        },
        {
            ""v"": 94,
            ""x"": 26,
            ""y"": 25
        },
        {
            ""v"": 95,
            ""x"": 27,
            ""y"": 25
        },
        {
            ""v"": 97,
            ""x"": 28,
            ""y"": 25
        },
        {
            ""v"": 98,
            ""x"": 29,
            ""y"": 25
        },
        {
            ""v"": 100,
            ""x"": 30,
            ""y"": 25
        }
    ]
}"
